statistic,max_fitness_mean_normalized,mean_fitness_mean_normalized
mean,0.5774019885066622,0.17059495621949985
std,0.19677914343381478,0.08187951829222999
median,0.6155800957576248,0.1639288499650416
