statistic,max_fitness_mean_normalized,mean_fitness_mean_normalized
mean,0.4935180971851677,0.12646863682586376
std,0.17469837177496067,0.05404821156981573
median,0.5315531830963773,0.1417176220491008
