statistic,max_fitness_mean_normalized,mean_fitness_mean_normalized
mean,0.6318392045992199,0.16538857078751798
std,0.19459801317269382,0.07253427563836266
median,0.6918588163191528,0.17797221147549142
